{"Iteration": 0, "Steps": 1019999, "Epsilon": 0.050000000000000044, "Episodes": 7, "AverageReturn": -15.428571428571429, "AverageDiscountedReturn": -0.6537539436429035, "TDError^2": 0.006220040377229452}
{"Iteration": 1, "Steps": 1029999, "Epsilon": 0.050000000000000044, "Episodes": 11, "AverageReturn": -14.6, "AverageDiscountedReturn": -0.5123821053229507, "TDError^2": 0.00461004301905632}
{"Iteration": 2, "Steps": 1039999, "Epsilon": 0.050000000000000044, "Episodes": 15, "AverageReturn": -15.5, "AverageDiscountedReturn": -0.47234573726079887, "TDError^2": 0.004904171917587519}
{"Iteration": 3, "Steps": 1049999, "Epsilon": 0.050000000000000044, "Episodes": 19, "AverageReturn": -16.7, "AverageDiscountedReturn": -0.5287845857867348, "TDError^2": 0.005128034856170416}
{"Iteration": 4, "Steps": 1059999, "Epsilon": 0.050000000000000044, "Episodes": 22, "AverageReturn": -16.8, "AverageDiscountedReturn": -0.47873781996991205, "TDError^2": 0.004284269642084837}
{"Iteration": 5, "Steps": 1069999, "Epsilon": 0.050000000000000044, "Episodes": 26, "AverageReturn": -16.4, "AverageDiscountedReturn": -0.3653434408355178, "TDError^2": 0.005947732366621494}
{"Iteration": 6, "Steps": 1079999, "Epsilon": 0.050000000000000044, "Episodes": 29, "AverageReturn": -15.4, "AverageDiscountedReturn": -0.3423393854936686, "TDError^2": 0.004850844852626324}
{"Iteration": 7, "Steps": 1089999, "Epsilon": 0.050000000000000044, "Episodes": 33, "AverageReturn": -16.4, "AverageDiscountedReturn": -0.5104252826396513, "TDError^2": 0.006835667882114649}
{"Iteration": 8, "Steps": 1099999, "Epsilon": 0.050000000000000044, "Episodes": 37, "AverageReturn": -16.8, "AverageDiscountedReturn": -0.654270779769861, "TDError^2": 0.006705275736749172}
{"Iteration": 9, "Steps": 1109999, "Epsilon": 0.050000000000000044, "Episodes": 41, "AverageReturn": -17.9, "AverageDiscountedReturn": -0.7688837234496094, "TDError^2": 0.0045904600992798805}
{"Iteration": 10, "Steps": 1119999, "Epsilon": 0.050000000000000044, "Episodes": 44, "AverageReturn": -17.6, "AverageDiscountedReturn": -0.6076919010334062, "TDError^2": 0.006694333627820015}
{"Iteration": 11, "Steps": 1129999, "Epsilon": 0.050000000000000044, "Episodes": 48, "AverageReturn": -18.0, "AverageDiscountedReturn": -0.5009069033893352, "TDError^2": 0.005511996801942587}
{"Iteration": 12, "Steps": 1139999, "Epsilon": 0.050000000000000044, "Episodes": 52, "AverageReturn": -18.2, "AverageDiscountedReturn": -0.49764208294420315, "TDError^2": 0.004634573124349117}
{"Iteration": 13, "Steps": 1149999, "Epsilon": 0.050000000000000044, "Episodes": 55, "AverageReturn": -18.1, "AverageDiscountedReturn": -0.6434514490963491, "TDError^2": 0.004384520463645458}
{"Iteration": 14, "Steps": 1159999, "Epsilon": 0.050000000000000044, "Episodes": 58, "AverageReturn": -18.0, "AverageDiscountedReturn": -0.5617392424711125, "TDError^2": 0.004247443750500679}
{"Iteration": 15, "Steps": 1169999, "Epsilon": 0.050000000000000044, "Episodes": 61, "AverageReturn": -17.5, "AverageDiscountedReturn": -0.5206818700793233, "TDError^2": 0.005213307682424784}
{"Iteration": 16, "Steps": 1179999, "Epsilon": 0.050000000000000044, "Episodes": 64, "AverageReturn": -17.0, "AverageDiscountedReturn": -0.23003492672213716, "TDError^2": 0.00640524085611105}
{"Iteration": 17, "Steps": 1189999, "Epsilon": 0.050000000000000044, "Episodes": 68, "AverageReturn": -16.5, "AverageDiscountedReturn": -0.2568810350017203, "TDError^2": 0.0047249156050384045}
{"Iteration": 18, "Steps": 1199999, "Epsilon": 0.050000000000000044, "Episodes": 71, "AverageReturn": -16.5, "AverageDiscountedReturn": -0.2559948706455611, "TDError^2": 0.0037377369590103626}
{"Iteration": 19, "Steps": 1209999, "Epsilon": 0.050000000000000044, "Episodes": 74, "AverageReturn": -16.6, "AverageDiscountedReturn": -0.4251347727013859, "TDError^2": 0.005850696470588446}
{"Iteration": 20, "Steps": 1219999, "Epsilon": 0.050000000000000044, "Episodes": 77, "AverageReturn": -16.1, "AverageDiscountedReturn": -0.3624037201876823, "TDError^2": 0.006013281177729368}
{"Iteration": 21, "Steps": 1229999, "Epsilon": 0.050000000000000044, "Episodes": 80, "AverageReturn": -15.2, "AverageDiscountedReturn": -0.30502620005390946, "TDError^2": 0.004730330780148506}
{"Iteration": 22, "Steps": 1239999, "Epsilon": 0.050000000000000044, "Episodes": 83, "AverageReturn": -15.5, "AverageDiscountedReturn": -0.22018037981310568, "TDError^2": 0.0033911741338670254}
{"Iteration": 23, "Steps": 1249999, "Epsilon": 0.050000000000000044, "Episodes": 86, "AverageReturn": -16.0, "AverageDiscountedReturn": -0.18896115394304053, "TDError^2": 0.005440541543066502}
{"Iteration": 24, "Steps": 1259999, "Epsilon": 0.050000000000000044, "Episodes": 89, "AverageReturn": -16.6, "AverageDiscountedReturn": -0.3057268902152706, "TDError^2": 0.004361730068922043}
{"Iteration": 25, "Steps": 1269999, "Epsilon": 0.050000000000000044, "Episodes": 91, "AverageReturn": -16.7, "AverageDiscountedReturn": -0.22920107456805777, "TDError^2": 0.004999296739697456}
{"Iteration": 26, "Steps": 1279999, "Epsilon": 0.050000000000000044, "Episodes": 94, "AverageReturn": -16.2, "AverageDiscountedReturn": -0.37196766022774186, "TDError^2": 0.005368935875594616}
{"Iteration": 27, "Steps": 1289999, "Epsilon": 0.050000000000000044, "Episodes": 97, "AverageReturn": -16.4, "AverageDiscountedReturn": -0.39960337173799193, "TDError^2": 0.005391457583755255}
{"Iteration": 28, "Steps": 1299999, "Epsilon": 0.050000000000000044, "Episodes": 100, "AverageReturn": -16.2, "AverageDiscountedReturn": -0.4125472273860987, "TDError^2": 0.0054675317369401455}
{"Iteration": 29, "Steps": 1309999, "Epsilon": 0.050000000000000044, "Episodes": 103, "AverageReturn": -15.9, "AverageDiscountedReturn": -0.48640168807417805, "TDError^2": 0.006211785599589348}
{"Iteration": 30, "Steps": 1319999, "Epsilon": 0.050000000000000044, "Episodes": 106, "AverageReturn": -15.8, "AverageDiscountedReturn": -0.3985783643746722, "TDError^2": 0.006257780361920595}
{"Iteration": 31, "Steps": 1329999, "Epsilon": 0.050000000000000044, "Episodes": 108, "AverageReturn": -15.2, "AverageDiscountedReturn": -0.43106851156088777, "TDError^2": 0.004256505984812975}
{"Iteration": 32, "Steps": 1339999, "Epsilon": 0.050000000000000044, "Episodes": 111, "AverageReturn": -14.7, "AverageDiscountedReturn": -0.5133225427506922, "TDError^2": 0.002824856899678707}
{"Iteration": 33, "Steps": 1349999, "Epsilon": 0.050000000000000044, "Episodes": 114, "AverageReturn": -14.5, "AverageDiscountedReturn": -0.4116063496096721, "TDError^2": 0.004955692682415247}
{"Iteration": 34, "Steps": 1359999, "Epsilon": 0.050000000000000044, "Episodes": 118, "AverageReturn": -16.6, "AverageDiscountedReturn": -0.6192123728498331, "TDError^2": 0.004503398668020964}
{"Iteration": 35, "Steps": 1369999, "Epsilon": 0.050000000000000044, "Episodes": 121, "AverageReturn": -16.4, "AverageDiscountedReturn": -0.4723154797631418, "TDError^2": 0.004535256419330835}
{"Iteration": 36, "Steps": 1379999, "Epsilon": 0.050000000000000044, "Episodes": 123, "AverageReturn": -17.2, "AverageDiscountedReturn": -0.5540934642901503, "TDError^2": 0.0042180465534329414}
{"Iteration": 37, "Steps": 1389999, "Epsilon": 0.050000000000000044, "Episodes": 126, "AverageReturn": -16.3, "AverageDiscountedReturn": -0.35842341538170064, "TDError^2": 0.004619702231138945}
{"Iteration": 38, "Steps": 1399999, "Epsilon": 0.050000000000000044, "Episodes": 129, "AverageReturn": -16.3, "AverageDiscountedReturn": -0.2878899070879511, "TDError^2": 0.006132513750344515}
{"Iteration": 39, "Steps": 1409999, "Epsilon": 0.050000000000000044, "Episodes": 132, "AverageReturn": -17.0, "AverageDiscountedReturn": -0.294705514537784, "TDError^2": 0.006261362228542566}
{"Iteration": 40, "Steps": 1419999, "Epsilon": 0.050000000000000044, "Episodes": 135, "AverageReturn": -17.7, "AverageDiscountedReturn": -0.2548020500322452, "TDError^2": 0.0049392832443118095}
{"Iteration": 41, "Steps": 1429999, "Epsilon": 0.050000000000000044, "Episodes": 138,